{
  "estagio_1": {
    "estagio": 1,
    "detalhes": {
      "ic_global": {
        "winfut_close": 0.062458149629613144,
        "winfut_change_pct": 0.06406653698411256,
        "usd_brl_change_pct": 0.052402171861175996,
        "di1_close": 0.041170099872532465,
        "di1_change_pct": 0.02017710266887879,
        "us2y_close": 0.023886383938476884,
        "vix_change_pct": 0.05007457181725673,
        "nasdaq100_close": 0.045331170606453364,
        "nasdaq100_change_pct": 0.055357182747093496,
        "sp500_change_pct": 0.04870487375141291,
        "petroleo_brent_close": 0.04469308037294924,
        "ewz_close": 0.07444873251973648,
        "ouro_close": 0.038204632756302086,
        "selic_meta_ano_pct": 0.044009188842368464,
        "ipca_var_mensal_pct": 0.05486652581567308,
        "minerio_ferro_ultimo": 0.051221310579584525,
        "minerio_ferro_variacao_pct": 0.023253329186715008,
        "evento_brasil_vencimento_win": 0.024604924420446532,
        "evento_g6_eua_pib_eua": 0.03678669884472055,
        "body_pct_d1": 0.09319464819279413,
        "range_pct_d1": 0.033928126492038406,
        "close_position_d1": 0.09628131249385852,
        "lower_shadow_d1": 0.04432309353740892,
        "atr_14": 0.027448653417544353,
        "macd_hist": 0.02517657235546602,
        "ret_lag20": 0.05037719948418233,
        "ret_mean_5d": 0.02042247973835639,
        "ret_std_5d": 0.03506963353292874,
        "vol_ratio_5": 0.024995068359504612,
        "ret_std_10d": 0.022618022050949798,
        "gap_extremo": 0.02622450922328919,
        "spx_ret_pos": 0.03616674186673664,
        "spx_ret_neg": 0.06420996680122557,
        "spx_slope_20d": 0.075996597907945,
        "spx_zscore": 0.0557508104983172,
        "spx_drawdown_60": 0.057376203411497045,
        "spx_acima_ma50": 0.0444397191359918,
        "spx_acima_ma200": 0.027646835479572987,
        "ndaq_vs_spx": 0.039513665760339434,
        "vix_spike": 0.04395627260370885,
        "usd_brl_slope_5d": 0.029941598948235972,
        "usd_brl_vol_10d": 0.02099542006295746,
        "us10y_slope_5d": 0.03612476458616916,
        "us10y_slope_20d": 0.051071507047649935,
        "us10y_ma_regime": 0.03935295582198998,
        "us2y_slope_5d": 0.02439698749581569,
        "us2y_slope_20d": 0.04855669442129935,
        "dxy_slope_5d": 0.03723456148612655,
        "dxy_slope_20d": 0.03312338605920639,
        "dxy_vol_10d": 0.051037611587268425,
        "brent_ret_d1": 0.026282284886292535,
        "brent_slope_5d": 0.023520790155021336,
        "brent_slope_20d": 0.022787913520707876,
        "brent_vol_10d": 0.04113466468395,
        "ouro_slope_20d": 0.02362433561044674,
        "minerio_slope_5d": 0.03673925188986277,
        "minerio_slope_20d": 0.022342485899964078,
        "minerio_ma_regime": 0.030035209026991246,
        "ewz_ret_d1": 0.04918667888025047,
        "ewz_vol_10d": 0.02036614206281905,
        "us_yield_spread": 0.03954272343832249,
        "win_vs_spx": 0.04033980980120574,
        "win_vs_commodities": 0.048605895400411984,
        "regime_vol_win": 0.020486986545408717,
        "regime_tendencia": 0.022512874689425734,
        "regime_juros_altos": 0.021426570388951717,
        "dia_da_semana": 0.021482245148602874,
        "dias_ate_venc": 0.025445044057776037,
        "semana_ciclo": 0.021182467879878476
      },
      "mi_scores": {
        "winfut_close": 0.0012336437081716944,
        "winfut_change_pct": 0.005973862740009661,
        "usd_brl_change_pct": 0.0055137917397494185,
        "di1_close": 0.0,
        "di1_change_pct": 0.01913661568490488,
        "us2y_close": 0.0,
        "vix_change_pct": 0.016815857742084717,
        "nasdaq100_close": 0.0,
        "nasdaq100_change_pct": 0.0005469052392310658,
        "sp500_change_pct": 0.005266159982999508,
        "petroleo_brent_close": 0.0,
        "ewz_close": 0.0,
        "ouro_close": 0.0,
        "selic_meta_ano_pct": 0.0,
        "ipca_var_mensal_pct": 0.0047922657011816305,
        "minerio_ferro_ultimo": 0.004823567819971508,
        "minerio_ferro_variacao_pct": 0.01336789875018951,
        "evento_brasil_vencimento_win": 0.006241018163057888,
        "evento_g6_eua_pib_eua": 0.0,
        "body_pct_d1": 0.00119543786015619,
        "range_pct_d1": 0.0007052280633232932,
        "close_position_d1": 0.007579550609062569,
        "lower_shadow_d1": 0.0,
        "atr_14": 0.0,
        "macd_hist": 0.015783027829566976,
        "ret_lag20": 0.0,
        "ret_mean_5d": 0.0,
        "ret_std_5d": 0.0,
        "vol_ratio_5": 0.006383648163564182,
        "ret_std_10d": 0.0,
        "gap_extremo": 0.0,
        "spx_ret_pos": 0.004659962834233422,
        "spx_ret_neg": 0.0,
        "spx_slope_20d": 0.0,
        "spx_zscore": 0.003772410961404127,
        "spx_drawdown_60": 0.01151672150380234,
        "spx_acima_ma50": 0.007612230402039177,
        "spx_acima_ma200": 0.0215275578268721,
        "ndaq_vs_spx": 0.0,
        "vix_spike": 0.010196868952142335,
        "usd_brl_slope_5d": 0.0,
        "usd_brl_vol_10d": 0.0,
        "us10y_slope_5d": 0.012006142122693575,
        "us10y_slope_20d": 0.005641816325165472,
        "us10y_ma_regime": 0.006838050269085905,
        "us2y_slope_5d": 0.0,
        "us2y_slope_20d": 0.0,
        "dxy_slope_5d": 0.009072126804252179,
        "dxy_slope_20d": 0.00041088670158684337,
        "dxy_vol_10d": 0.030958620519230706,
        "brent_ret_d1": 0.0014028732783337716,
        "brent_slope_5d": 0.0,
        "brent_slope_20d": 0.003211649880814793,
        "brent_vol_10d": 0.011009263265368219,
        "ouro_slope_20d": 0.01290545861471104,
        "minerio_slope_5d": 0.0,
        "minerio_slope_20d": 0.006083957978015864,
        "minerio_ma_regime": 0.001755246000597399,
        "ewz_ret_d1": 0.0,
        "ewz_vol_10d": 0.004140580174709196,
        "us_yield_spread": 0.016285945158253767,
        "win_vs_spx": 0.002018829968837288,
        "win_vs_commodities": 0.0,
        "regime_vol_win": 0.004252276955045264,
        "regime_tendencia": 0.006949787554819675,
        "regime_juros_altos": 0.005722376581304811,
        "dia_da_semana": 0.0,
        "dias_ate_venc": 0.018490130399533733,
        "semana_ciclo": 0.0017000621657992099
      },
      "ic_stability": {
        "winfut_close": 0.9230769230769231,
        "winfut_change_pct": 0.8461538461538461,
        "usd_brl_change_pct": 0.9230769230769231,
        "di1_close": 0.7692307692307693,
        "di1_change_pct": 0.6923076923076923,
        "us2y_close": 0.7692307692307693,
        "vix_change_pct": 0.6153846153846154,
        "nasdaq100_close": 0.8461538461538461,
        "nasdaq100_change_pct": 0.6923076923076923,
        "sp500_change_pct": 0.6153846153846154,
        "petroleo_brent_close": 0.8461538461538461,
        "ewz_close": 0.9230769230769231,
        "ouro_close": 0.6923076923076923,
        "selic_meta_ano_pct": 0.9230769230769231,
        "ipca_var_mensal_pct": 0.7692307692307693,
        "minerio_ferro_ultimo": 0.5384615384615384,
        "minerio_ferro_variacao_pct": 0.6153846153846154,
        "evento_brasil_vencimento_win": 0.7692307692307693,
        "evento_g6_eua_pib_eua": 0.6363636363636364,
        "body_pct_d1": 0.9230769230769231,
        "range_pct_d1": 0.8461538461538461,
        "close_position_d1": 0.9230769230769231,
        "lower_shadow_d1": 0.7692307692307693,
        "atr_14": 0.6153846153846154,
        "macd_hist": 0.6153846153846154,
        "ret_lag20": 0.6923076923076923,
        "ret_mean_5d": 0.6153846153846154,
        "ret_std_5d": 0.7692307692307693,
        "vol_ratio_5": 0.7692307692307693,
        "ret_std_10d": 0.6923076923076923,
        "gap_extremo": 0.8,
        "spx_ret_pos": 0.5384615384615384,
        "spx_ret_neg": 0.7692307692307693,
        "spx_slope_20d": 0.8461538461538461,
        "spx_zscore": 0.6923076923076923,
        "spx_drawdown_60": 0.9230769230769231,
        "spx_acima_ma50": 0.8461538461538461,
        "spx_acima_ma200": 0.8461538461538461,